<?xml version="1.0" encoding="UTF-8"?>
<!DOCTYPE mapper
  PUBLIC "-//mybatis.org//DTD Mapper 3.0//EN"
  "https://mybatis.org/dtd/mybatis-3-mapper.dtd">
  
<mapper namespace="dao.IMemberDao">
  <select id="getMemberList" resultType="dto.MemberDto">
    SELECT * FROM tbl_member
  </select>
  <insert id="saveMember" parameterType="dto.MemberDto">
  	INSERT INTO tbl_member VALUES
  	(#{member.id}, #{member.pw}, #{member.name}, #{member.phone}, #{member.birth}, #{member.addr}, #{member.role})
  </insert>
  <select id="getMember" resultType="dto.MemberDto">
  	SELECT * FROM tbl_member WHERE nno = #{mno}
  </select>
  <select id="loginCheck" resultType="_int">
  	SELECT COUNT(*) FROM tbl_member WHERE id=#{id} AND pw=#{pw}
  </select>
</mapper>